Category,Subcategory,Topic,Label,Answer
Economy,General Economic Policy,Autumn Budget 2024,0,"The Autumn Budget 2024, presented by Labour, focuses on economic stability, public investment, and social equity. Labour has committed to restoring fiscal responsibility by implementing strict spending rules while introducing tax reforms targeting businesses and high earners, including the closure of non-dom tax loopholes. Key investments include additional NHS funding to reduce waiting times, recruiting 6,500 new teachers, and launching Great British Energy to accelerate clean energy adoption. A Green Prosperity Plan underpins infrastructure development, aiming for energy independence and job creation. Social priorities include raising the National Living Wage and expanding benefits and pensions. Labour’s budget reflects a commitment to long-term economic growth, tackling the cost-of-living crisis, and ensuring fairness across society."
Economy,General Economic Policy,Sustained Economic Growth,1,"Labour’s plan for sustained economic growth is anchored in its commitment to fiscal responsibility, innovation, and equitable development. The party aims to restore economic stability by adhering to strict spending rules that promote growth while keeping inflation and taxes in check. Labour’s industrial strategy focuses on long-term investment in infrastructure, clean energy, and high-growth industries to support innovation and job creation. Additionally, the manifesto emphasizes reducing regional economic disparities through targeted funding, fostering a skilled workforce, and creating opportunities for all communities to contribute to and benefit from economic prosperity."
Economy,Cost of Living,Energy Price Caps,2,"Labour’s approach to tackling rising energy costs combines immediate financial relief with long-term reforms to build a sustainable energy future. The party plans to freeze the energy price cap for six months, saving households up to £1,000, funded by extending the windfall tax on oil and gas companies. To ensure ongoing affordability, Labour has committed to launching Great British Energy, a publicly-owned clean energy company that will invest in renewable power sources such as wind and solar, aiming to achieve 100% clean energy by 2030. This initiative is expected to reduce household bills, boost energy independence, and create local jobs. Additionally, Labour will expand funding for heat pump upgrades to reduce reliance on fossil fuels and enhance regulatory oversight to hold energy companies accountable for fair pricing and quality service. These measures reflect Labour’s dual commitment to alleviating the cost-of-living crisis and transitioning to a sustainable, low-cost energy system."
Economy,Cost of Living,Household Expenses,3,"Labour’s plan to reduce living costs for families involves addressing immediate cost pressures and implementing long-term measures to create a fairer economy. To combat inflation and rising expenses, Labour has pledged to freeze energy bills temporarily, saving households significant amounts while transitioning to renewable energy to stabilize costs long-term. For struggling families, Labour proposes increasing funding for Universal Credit and other social benefits while aligning these with inflation to safeguard purchasing power. Labour’s childcare policies aim to provide free childcare for children aged 2-4, significantly alleviating financial burdens on working families. Additionally, the party intends to increase funding for affordable housing initiatives and implement rent controls to make housing more accessible for low-income households. To tackle food inflation, Labour has committed to regulatory reforms ensuring fair pricing and supporting local food production. These comprehensive measures reflect Labour’s focus on tackling immediate cost-of-living challenges while fostering sustainable economic growth and equity."
Economy,Trade Policy,Rebuilding EU Trade Relations,4,"Labour’s plan to rebuild trade relations with Europe focuses on renegotiating agreements to improve UK market access, reduce tariffs, and address non-tariff barriers, supporting domestic exporters and mitigating the economic impact of Brexit. The party emphasizes cooperation with the EU in key sectors like manufacturing, agriculture, and services, aiming to restore stronger economic ties while maintaining high labor standards and sustainable practices. Labour also plans to attract foreign investment by fostering innovation through its industrial strategy and creating a supportive environment for businesses, ensuring the UK remains competitive globally while prioritizing fairness and economic stability."
Economy,Taxation,Small Business Tax Relief,5,"Labour is committed to supporting small businesses through targeted tax relief and simplified processes. The party plans to introduce measures that make tax systems more accessible for small enterprises, including digital tools and streamlined applications to reduce administrative burdens. To encourage entrepreneurship, Labour proposes offering additional tax incentives for startups, particularly those focusing on innovation and sustainability. Furthermore, Labour aims to regularly review and monitor the effectiveness of small business tax policies to ensure they are equitable and beneficial, fostering a supportive environment for small businesses to thrive."
Economy,Taxation,National Insurance Reform,6,"Labour aims to reform National Insurance to ensure fairness for workers and businesses. The party is likely to explore measures to simplify employer contributions, reducing administrative complexity and creating a more transparent system. Labour has expressed a commitment to making taxation equitable, which could involve adjustments to rates that benefit small businesses and self-employed individuals. Additionally, Labour intends to evaluate the overall impact of National Insurance on working families and businesses to ensure the system supports economic growth while addressing concerns about fairness."
Economy,Industrial Strategy,National Wealth Fund,7,"Labour's £7.3 billion National Wealth Fund is a key component of their industrial strategy, aimed at fostering innovation, creating high-quality jobs, and driving equitable economic growth. The fund will prioritize investments in emerging technologies and industries such as clean energy, advanced manufacturing, and digital sectors, enhancing the UK’s global competitiveness. To ensure equitable distribution, Labour plans to allocate investments across all regions, addressing historical disparities and collaborating with local stakeholders to support region-specific projects. This strategy reflects Labour’s commitment to leveraging public investment to stimulate innovation and promote balanced, sustainable economic development nationwide."
Economy,Clean Energy,Energy Transition,8,"Labour's clean energy strategy sets ambitious targets for 2030, including doubling onshore wind capacity, tripling solar power generation, and quadrupling offshore wind capacity. To balance the transition to clean energy with the ongoing needs of the North Sea oil and gas industry, Labour plans a phased and responsible approach, allowing existing fields to operate while refraining from issuing new oil and gas licenses. This approach is supported by investments in carbon capture, hydrogen, and marine energy. Additionally, Labour's clean energy policies are designed to create high-quality jobs in industrial regions by developing ports, hydrogen, and industrial clusters, aiming to generate 650,000 jobs by 2030."
Economy,Housing and Infrastructure,New Homes,9,"Labour has committed to delivering 1.5 million new homes over the next Parliament by reinstating mandatory housing targets for local councils and implementing reforms to boost construction. To address challenges posed by outdated planning regimes, Labour plans to streamline the planning process by liberalizing rules and releasing lower-quality grey-belt land for development. Public-private partnerships will play a vital role in this strategy, with Labour collaborating with private developers, housing associations, and local authorities to accelerate housing delivery and ensure a mix of affordable and market-rate homes. These measures aim to tackle the housing crisis by increasing supply and modernizing the planning system while fostering collaboration across sectors."
Economy,Critical Perspectives,Economic Reforms,10,"Labour plans to fund its ambitious economic reforms without increasing the tax burden on working families by abolishing the non-domiciled tax status, closing tax loopholes, and ensuring large corporations and high-income individuals contribute their fair share. These measures are designed to generate significant revenue for public investment while prioritizing fairness in the tax system. To mitigate risks, Labour proposes a modern, residence-based tax regime that maintains the UK’s attractiveness for investment while ensuring compliance. To address concerns about implementation, Labour commits to a transparent and consultative approach, engaging stakeholders to design practical reforms and strengthening HM Revenue and Customs to enhance enforcement and ensure effective administration."
Public Services,Healthcare,NHS Workforce Expansion,11,"Labour plans to address NHS staffing shortages by expanding recruitment and training, offering incentives, and improving retention. The party will increase the number of nurses and doctors by expanding medical school places and nursing programs, ensuring a steady supply of healthcare professionals. To attract and retain staff, Labour will offer competitive salaries, benefits, and professional development opportunities while tackling burnout through better work-life balance and mental health support. Additionally, Labour will create clear career progression pathways and improve workplace conditions to value and retain experienced staff, ensuring the NHS workforce can meet future healthcare demands effectively."
Public Services,Healthcare,Mental Health Services,12,"Labour is committed to enhancing mental health services through increased funding, improved access, and comprehensive support across various settings. The party plans to recruit an additional 8,500 mental health professionals to reduce waiting times and ensure timely care. Labour's strategy includes integrating mental health support into schools and workplaces, providing early intervention and ongoing assistance. For children's mental health, Labour proposes placing trained counsellors in every school to address issues promptly. Additionally, Labour aims to invest in mental health facilities to ensure they are equipped to meet diverse needs, reflecting a holistic approach to mental health care."
Public Services,Healthcare,Primary Care Access,13,"Labour is committed to improving access to primary care by increasing the number of GPs through expanded training programs, ensuring sufficient staffing levels nationwide. The party will guarantee face-to-face appointments for patients who prefer them and modernize appointment systems to eliminate the scramble for slots, making it easier to book consultations. Labour also aims to reintroduce the concept of the family doctor by reducing administrative burdens on GPs and incentivizing continuity of care, ensuring better management of ongoing or complex health conditions. These measures are designed to reduce waiting times, improve accessibility, and ensure every community has access to quality GP services."
Public Services,Education,Teacher Recruitment,14,"Labour plans to address teacher shortages by improving pay and benefits to make the profession more attractive and competitive. The party is committed to reducing workloads and improving working conditions by cutting unnecessary bureaucracy and providing additional support in classrooms, ensuring teachers can focus on teaching. Labour will expand teacher training opportunities, with targeted measures to attract new talent into the profession, particularly in underserved regions, to address regional disparities. To retain experienced educators, Labour aims to offer clear career progression pathways and ensure teachers feel valued through professional development opportunities and enhanced support. These initiatives reflect Labour’s commitment to building a well-supported and robust teaching workforce nationwide."
Public Services,Education,School Infrastructure,15,"Labour is committed to improving school facilities through significant investment in modernizing and upgrading infrastructure. The party plans to ensure schools are safe, energy-efficient, and fit for purpose, with a focus on reducing overcrowding and enhancing learning environments. Labour will prioritize building new schools in underserved areas to address regional disparities and ensure equitable access to quality education. Additionally, Labour’s strategy includes incorporating sustainability into school infrastructure by investing in energy-efficient buildings and renewable technologies. These initiatives are designed to create modern, inclusive, and environmentally sustainable schools that meet the needs of students and teachers across the country."
Environment,Renewable Energy,Solar and Wind Power,16,"Labour plans to boost renewable energy by significantly expanding wind and solar power projects to achieve 100% clean energy by 2030. The party is committed to increasing renewable energy capacity by quadrupling offshore wind, doubling onshore wind, and tripling solar power installations. Labour will invest in clean energy solutions through Great British Energy, a publicly owned company designed to drive innovation and development in renewables. Offshore wind farms will play a central role in this strategy, with Labour supporting large-scale projects while also encouraging community-led renewable initiatives to ensure local benefits. Labour is dedicated to overcoming opposition to renewable developments by engaging with communities, ensuring projects are fair, and creating new opportunities through sustainable energy expansion. These efforts aim to create jobs, lower energy costs, and establish the UK as a global leader in renewable energy."
Environment,Net Zero Policies,Climate Change Targets,17,"Labour is committed to achieving Net Zero by 2030 through a comprehensive plan that includes reducing carbon emissions, investing in green infrastructure, and transitioning to renewable energy sources. The party will implement measures to combat climate change by expanding wind and solar power, developing carbon capture technologies, and investing in public transport and energy-efficient housing. Labour plans to incentivize businesses to adopt green practices through tax incentives and support for innovation in sustainable technologies, particularly in heavy industries. To ensure a just transition, Labour will provide retraining programs and job opportunities for workers in fossil fuel industries, emphasizing fairness and equity. Internationally, Labour aims to strengthen the UK’s leadership on climate action by prioritizing commitments to global climate agreements and supporting efforts to promote climate justice for developing nations."
Environment,Biodiversity and Conservation,Natural Habitat Protection,18,"Labour plans to protect natural habitats and restore biodiversity by increasing funding for conservation projects and expanding protected areas, including national parks. The party is committed to implementing measures that ensure sustainable land use, such as reforestation and habitat restoration initiatives, while promoting practices that safeguard endangered species. Labour also emphasizes the importance of involving local communities in conservation efforts, fostering collaboration to manage and preserve natural spaces effectively. By combining targeted investment, sustainable policies, and community engagement, Labour aims to reverse biodiversity loss and protect the UK’s natural environment for future generations."
Environment,Water Management,Clean Rivers and Lakes,19,"Labour is committed to reducing water pollution by holding water companies accountable for sewage dumping through stricter enforcement and penalties for environmental breaches. The party plans to invest in modernizing water infrastructure to prevent pollution and improve resilience against climate impacts. Labour will enhance water quality monitoring systems to ensure transparency and early detection of issues while promoting sustainable water management practices. By implementing these measures, Labour aims to protect rivers and lakes, ensuring clean and safe water resources for communities and ecosystems across the UK."
Environment,Energy Efficiency,Green Homes Initiative,20,"Labour’s Green Homes Initiative focuses on improving energy efficiency in homes to reduce energy bills and carbon emissions. The party plans to provide substantial funding for home insulation projects, targeting older and less efficient properties to ensure widespread benefits. Labour will offer grants and subsidies to support green home upgrades, including the adoption of renewable energy solutions such as solar panels and heat pumps. By incentivizing homeowners to make these upgrades, Labour aims to create warmer, more sustainable homes while addressing fuel poverty and cutting energy costs for households across the UK."
Welfare,Housing,Affordable Housing,21,"Labour plans to address the housing crisis by building 1.5 million new homes over the next Parliament, with a significant focus on affordable housing. The party aims to introduce rent controls to ensure fair pricing in the rental market and protect tenants from exploitation. Labour will provide subsidies for affordable housing projects and offer targeted support for first-time buyers to make homeownership more accessible. To tackle homelessness, Labour is committed to increasing the availability of affordable homes and investing in initiatives that support vulnerable individuals. By incentivizing private developers to prioritize affordable housing, Labour seeks to create a balanced and sustainable housing market that meets the needs of all communities."
Welfare,Housing,Social Housing,22,"Labour is committed to a significant expansion of social housing, pledging to build more homes to address the growing need for affordable rentals. The party plans to improve funding for local councils, enabling them to construct and maintain high-quality social housing. Labour also intends to ensure that social housing is distributed equitably across the UK, prioritizing areas with the greatest need. To maintain and improve existing social housing stock, Labour will implement measures to enhance living standards and ensure properties meet modern quality standards. While supporting tenants’ rights, Labour will review the Right to Buy scheme to balance homeownership opportunities with the preservation of social housing availability. Stricter regulations for landlords in the social housing sector will also be introduced to ensure fair treatment and accountability, creating a housing system that works for everyone."
Welfare,Benefits System,Universal Credit Reform,23,"Labour is committed to reforming Universal Credit to create a fairer and more supportive benefits system. The party plans to simplify the application process to ensure that accessing support is straightforward and efficient for all claimants. Labour will review and reform the sanctions system to prevent unjust penalties and ensure that individuals are treated with dignity. To support disabled individuals, Labour will enhance accessibility and tailor benefits to meet their specific needs. The party is also committed to increasing benefit payments in line with inflation to protect recipients from the rising cost of living. Labour will prioritize prompt payments to reduce financial insecurity and introduce measures to better support single parents, ensuring that the system provides meaningful and timely assistance to those who need it most."
Welfare,Childcare and Family Support,Subsidized Childcare,24,"Labour is committed to making childcare more affordable and accessible for families by expanding subsidized childcare and free childcare programs. The party plans to allocate significant funding to improve childcare services, ensuring that parents can access affordable, high-quality care. Labour’s strategy includes increasing the availability of free childcare hours and supporting providers to maintain high standards. To address regional disparities, Labour will work to ensure equitable access to childcare services across the UK, enabling families in all areas to benefit from comprehensive and reliable childcare support. These measures aim to ease financial pressures on families and support parents in balancing work and family life effectively."
Welfare,Childcare and Family Support,Family Benefits,25,"Labour is dedicated to providing additional support for low-income families through measures aimed at reducing child poverty and easing the cost of living. The party plans to review and increase child benefit payments to ensure families can better meet their needs. Labour will also introduce family-friendly policies to support working parents, including expanded access to affordable childcare and improved workplace flexibility. To tackle child poverty, Labour will invest in targeted programs and ensure that families have access to the financial and social support they need. These initiatives are designed to create a fairer society where every family has the opportunity to thrive."
Defense and Security,Military Spending,Modernization,26,"Labour's vision for modernizing the military focuses on ensuring a well-equipped, adaptable, and sustainable defense force capable of addressing contemporary security challenges. The party is committed to maintaining a strong defense budget that balances investment in cutting-edge technologies, such as cyber capabilities and advanced equipment, with the need for fiscal responsibility. Labour will collaborate closely with international allies to strengthen defense partnerships and enhance collective security. To address personnel shortages, the party will invest in recruitment and retention initiatives, offering competitive benefits and career development opportunities for armed forces personnel. Labour’s strategy aims to modernize military infrastructure while ensuring that defense spending aligns with broader public service priorities, promoting both national security and societal wellbeing."
Defense and Security,Cybersecurity,Threat Management,27,"Labour's strategy for handling cyber threats focuses on strengthening national cybersecurity infrastructure and ensuring the UK is prepared to address evolving digital risks. The party plans to increase funding for cybersecurity initiatives, prioritizing the protection of critical infrastructure from cyberattacks and enhancing the resilience of key sectors. Labour will invest in training a skilled cybersecurity workforce, equipping individuals with the expertise needed to combat emerging threats. To tackle cybercrime and misinformation, Labour will foster partnerships with tech companies, educational institutions, and civil society while promoting public awareness campaigns. Additionally, Labour is committed to international collaboration to address global cyber threats, ensuring the UK works with allies to build a safer digital environment."
Defense and Security,National Security,Terrorism and Threats,28,"Labour's counter-terrorism strategy focuses on enhancing intelligence gathering, strengthening prevention measures, and addressing the root causes of radicalization and extremism. The party is committed to increasing resources for counter-terrorism units and ensuring they have the tools needed to prevent and respond to threats effectively. Labour will prioritize improving intelligence-sharing frameworks within the UK and with international allies to enhance global security. Tackling radicalization will involve community-based initiatives, educational programs, and targeted interventions to address extremist ideologies at their source. By combining robust security measures with proactive prevention strategies, Labour aims to create a safer environment while upholding the values of fairness and justice."
Defense and Security,Border Security,Immigration and Safety,29,"Labour's plan for strengthening border security focuses on combining advanced technologies with effective enforcement and a commitment to humanitarian values. The party will invest in modern border infrastructure, including advanced surveillance systems and biometric technology, to improve security and efficiency. Labour is determined to combat human trafficking by enhancing cross-border collaboration and increasing support for victims. Recognizing the importance of balancing security with compassion, Labour will ensure that border policies respect international humanitarian obligations, providing fair treatment to asylum seekers and refugees. Additional funding will be allocated to bolster border patrol operations, ensuring that borders are both secure and managed in a way that upholds the UK's commitment to safety and human rights."
Technology,Digital Infrastructure,Broadband Access,30,"Labour is committed to ensuring affordable high-speed broadband for all by investing in the UK's digital infrastructure and addressing connectivity gaps, particularly in rural and remote areas. The party plans to introduce subsidies for broadband providers in underserved regions and form partnerships with private companies to expand access. Labour aims to accelerate the deployment of 5G networks and upgrade existing infrastructure to meet modern demands. To encourage private investment, Labour will create a supportive regulatory environment while ensuring minimum speed requirements for broadband services to guarantee quality and reliability. These initiatives reflect Labour's commitment to bridging the digital divide and ensuring universal access to fast and affordable internet."
Technology,Research and Development,AI and Innovation,31,"Labour plans to invest in AI and emerging technologies by allocating significant funding for research and development, with a focus on fostering innovation and supporting tech startups. The party is committed to advancing green technology through R&D, promoting sustainable solutions alongside technological progress. Labour will establish innovation hubs to nurture talent and create opportunities for collaboration between academia and industry. To address the ethical implications of AI and automation, Labour will enforce robust policies to ensure transparency, accountability, and fairness in the use of AI technologies. Additionally, Labour aims to integrate AI into public services to enhance efficiency and accessibility while maintaining strict ethical standards, ensuring technological advancement benefits society as a whole."
Technology,Digital Skills,Workforce Training,32,"Labour is committed to improving digital literacy across the UK by investing in comprehensive training programs and ensuring access for all, particularly in disadvantaged communities. The party plans to introduce targeted initiatives for digital upskilling, helping workers adapt to the evolving demands of the technology-driven economy. Labour will expand retraining opportunities in tech-related fields, equipping individuals with the skills needed for emerging industries. Schools will receive additional support to teach coding and digital skills, fostering a new generation of tech-savvy professionals. Labour will also incentivize employers to provide workplace digital training, ensuring that businesses and employees alike are prepared to thrive in a digital future. These efforts aim to build an inclusive and skilled workforce equipped for the challenges of the modern economy."
Technology,Data Protection and Privacy,Regulation,33,"Labour is committed to strengthening data protection laws to ensure the highest standards of privacy and security for individuals. The party will enforce strict regulations to ensure corporations use personal data ethically and transparently, introducing stricter penalties for data breaches to hold organizations accountable. Labour also prioritizes protecting children’s data online, proposing policies that safeguard young users from exploitation and ensure their privacy is respected. Additionally, Labour will address concerns about government surveillance by upholding privacy rights and ensuring that any data collection is proportionate, necessary, and subject to robust oversight. These measures aim to create a balanced approach that protects individuals’ privacy while maintaining public trust in data practices."
Culture,Arts Funding,Education Support,34,"Labour is committed to increasing arts funding for schools to ensure all students have access to creative education. The party plans to expand support for extracurricular arts programs and provide grants for school arts initiatives, focusing on making these opportunities accessible in underprivileged areas. Labour will encourage partnerships between schools and cultural organizations to enrich arts education and integrate it into the national curriculum, emphasizing its value alongside core subjects. Additionally, Labour aims to introduce scholarships or bursaries for aspiring artists from low-income backgrounds, fostering diversity and inclusion in the creative industries. These measures are designed to nurture talent, inspire creativity, and ensure that every child has the chance to engage with the arts."
Culture,Heritage Preservation,Landmark Protection,35,"Labour is dedicated to protecting the UK’s historic sites and cultural landmarks through increased funding for restoration projects and the development of community-led heritage initiatives. The party aims to ensure that local heritage sites are maintained and preserved by fostering collaboration with local authorities, community groups, and private contributors, offering incentives to support restoration efforts. Labour also plans to promote the digital archiving of cultural and historic artifacts to safeguard them for future generations. By prioritizing inclusive and sustainable heritage policies, Labour seeks to preserve the nation's rich cultural history while encouraging public engagement and pride in local heritage."
Culture,Creative Industries,Support for Artists,36,"Labour is committed to supporting the UK’s creative industries by providing increased funding to drive innovation and sustain growth across the sector. The party plans to introduce targeted measures to support freelancers and gig workers, ensuring fair working conditions and access to benefits. Labour will promote UK-based film and TV production through financial incentives and investment in creative hubs, bolstering the industry’s global competitiveness. To support live performance venues and theaters, Labour will provide grants and tax incentives, helping them recover and thrive post-pandemic. The party is also focused on encouraging diversity in the creative sectors, fostering an inclusive environment that reflects the UK’s rich cultural heritage and creative talent."
Culture,Cultural Access,Public Engagement,37,"Labour is committed to making cultural institutions like museums and galleries more accessible by reducing entry barriers and expanding funding for public engagement initiatives. The party plans to support free cultural events, ensuring that everyone has the opportunity to experience and participate in the arts. Labour will prioritize policies to promote arts in rural areas, addressing regional disparities and fostering cultural opportunities nationwide. Additionally, the party will increase public funding for libraries and community arts programs, recognizing their vital role in education, creativity, and community cohesion. These measures aim to democratize access to culture and strengthen the UK’s cultural landscape for all."
Infrastructure and Transport,Transport Modernization,Public Transport Investment,38,"Labour is committed to improving public transport networks through substantial investments in buses, trains, and local transit systems. The party plans to prioritize infrastructure upgrades for railways to enhance reliability and capacity, addressing overcrowding and delays. Labour will work to make public transport more accessible for disabled passengers by enforcing inclusive design standards and expanding accessible services. Recognizing the importance of local transit, Labour will allocate funding to strengthen rural and urban connectivity, ensuring efficient and affordable options for all communities."
Infrastructure and Transport,Sustainable Transport,Electric Vehicles,39,"Labour’s vision for sustainable transport includes a robust plan to expand the UK’s electric vehicle (EV) charging infrastructure, supporting widespread EV adoption among consumers and businesses. The party aims to provide subsidies for EV purchases and transition government fleets to electric vehicles to set an example of sustainability. Labour will integrate EV policies with renewable energy goals by aligning charging networks with clean energy systems, reducing emissions, and promoting energy efficiency across the transport sector. These initiatives reflect Labour’s commitment to decarbonizing transportation and fostering green innovation."
Infrastructure and Transport,Sustainable Transport,Active Travel,40,"Labour will promote walking and cycling by investing in safe and accessible infrastructure such as cycling lanes and pedestrian-friendly urban designs. The party plans to make urban areas safer for cyclists and pedestrians through improved traffic management and road safety measures. Incentives will be provided to employers to support active travel, such as bike-to-work schemes and facilities for cyclists. Labour is also committed to ensuring active travel is accessible in rural and suburban areas by prioritizing the development of community-led projects and targeted investments. These measures aim to encourage healthier, greener, and more sustainable travel options nationwide."
Infrastructure and Transport,Urban Planning,Green Cities,41,"Labour envisions greener cities by integrating green spaces into urban development plans, prioritizing sustainable urban housing developments, and implementing policies to reduce air pollution. The party will work with local councils to adopt greener urban policies, including creating more parks, enhancing public transport options, and promoting energy-efficient buildings. Labour’s strategy also includes incentives for renewable energy use in urban areas and investments in clean technologies to improve air quality and reduce emissions. These efforts aim to foster healthier, sustainable, and vibrant cities that are resilient to environmental challenges."
Infrastructure and Transport,Rural Connectivity,Rural Transport Access,42,"Labour is committed to improving transport options in rural areas by increasing funding for rural bus and rail services and supporting community-led transport initiatives. The party aims to reduce transport isolation in remote communities through targeted investments in infrastructure upgrades and maintaining vital services. Labour will collaborate with local stakeholders to ensure rural transport systems are inclusive, reliable, and sustainable, providing equitable access to essential services and opportunities. These measures aim to bridge the gap between rural and urban connectivity, promoting balanced regional development."
Employment and Workers' Rights,Workers' Rights,Workplace Protections,43,"Labour is committed to strengthening workers' rights by banning exploitative zero-hour contracts and ensuring fair treatment in the gig economy. The party plans to improve workplace safety by introducing robust health and safety regulations and expanding collective bargaining rights to empower workers in negotiations. Labour will ensure all employees, regardless of their sector, are protected through clear and enforceable legislation that promotes job security and workplace fairness."
Employment and Workers' Rights,Minimum Wage,Living Wage Policies,44,"Labour will introduce a real living wage that reflects the true cost of living, ensuring workers earn a fair income. The party is committed to increasing the minimum wage for young workers and aligning wage increases with inflation to protect purchasing power. To enforce compliance, Labour will establish stricter wage transparency regulations and ensure businesses adhere to minimum wage laws. These measures aim to address income inequality and provide workers with financial stability."
Employment and Workers' Rights,Employment Equity,Gender Pay Gap,45,"Labour’s strategy to address the gender pay gap includes enforcing equal pay legislation and promoting pay equity in male-dominated industries. The party will also tackle pay disparities for ethnic minorities and implement measures to monitor and prevent workplace discrimination. Labour is committed to creating diverse and inclusive workplaces by ensuring that gender and racial equality are central to employment practices across all sectors."
Employment and Workers' Rights,Workplace Conditions,Flexible Work,46,"Labour plans to legislate the right to flexible working arrangements, including working from home, to support employees in balancing work and personal responsibilities. The party will improve maternity and paternity leave provisions and encourage family-friendly workplace policies. Labour’s measures aim to create an inclusive workforce where employees with caring responsibilities can thrive, ensuring equitable treatment for all workers."
Employment and Workers' Rights,Workforce Development,Skills Training,47,"To address the UK’s skills gap, Labour will invest in vocational training programs and provide subsidies for employer-led initiatives. The party plans to support retraining for workers in declining industries and ensure equitable access to workforce development programs, especially in underserved regions. Labour’s strategy emphasizes preparing the workforce for emerging industries and creating opportunities for lifelong learning to boost productivity and innovation."
Education Beyond Schools,Higher Education,Tuition Fees and Loans,48,"Labour aims to make higher education more affordable by reviewing the current tuition fee structure and exploring alternative funding models. The party is committed to addressing the student debt crisis by considering mechanisms to reduce the financial burden on graduates. Labour will ensure fair access to universities, particularly for underprivileged students, by increasing funding for support initiatives and scholarships, enabling equitable opportunities in higher education."
Education Beyond Schools,Adult Education,Lifelong Learning,49,"Labour’s plan for lifelong learning includes introducing fully-funded training opportunities for adults to retrain and upskill throughout their careers. The party will fund adult education programs and collaborate with employers and educational institutions to promote lifelong learning. Labour envisions free courses for adult learners and partnerships with industries to help workers transition to emerging sectors, ensuring the workforce is adaptable and prepared for future challenges."
Education Beyond Schools,Apprenticeships,Vocational Training,50,"Labour will increase apprenticeship opportunities by providing funding and support to employers who offer high-quality vocational training programs. The party plans to enhance the quality of apprenticeships and ensure accessibility across the UK, particularly in underserved areas. Labour’s initiatives will focus on bridging the skills gap by fostering collaboration between businesses and training providers to equip young people and workers with the skills needed for thriving industries."
Education Beyond Schools,Skills Development,STEM Education,51,"Labour’s strategy for promoting STEM education includes funding STEM-focused schools and programs, particularly in areas with limited access. The party is committed to addressing gender disparities in STEM by encouraging more women to pursue careers in science, technology, engineering, and mathematics. Labour also plans to integrate technology into the curriculum and ensure regional equity in STEM opportunities, fostering innovation and preparing students for the future job market."
Education Beyond Schools,Education Equity,Disadvantaged Students,52,"Labour will address educational inequalities by expanding funding for schools in underserved areas and supporting disadvantaged students. The party is committed to improving outcomes for marginalized groups through targeted policies and additional resources for low-income schools. Labour’s plan emphasizes equity and fairness in education access, ensuring every child has the opportunity to succeed regardless of their background or circumstances."
Immigration and Border Policy,Immigration Reform,Legal Pathways,53,"Labour plans to reform the UK’s immigration system by establishing fair and efficient legal immigration pathways that meet economic and social needs. The party aims to increase visa availability for skilled workers and streamline processing times to reduce delays. Labour supports family reunification policies and emphasizes balancing national interests with humanitarian considerations. These reforms will be underpinned by a commitment to transparency and accountability within the immigration system."
Immigration and Border Policy,Refugee Support,Asylum Policies,54,"Labour’s approach to refugees and asylum seekers focuses on fairness and compassion. The party intends to increase funding for refugee resettlement programs and ensure adequate housing and integration support. Labour plans to address the root causes of forced migration through international collaboration and investment in conflict prevention. The party also prioritizes fair treatment of asylum applicants, with policies aimed at expediting decisions and providing access to necessary services."
Immigration and Border Policy,Border Security,Immigration Control,55,"Labour’s plan for border security balances safety with humanitarian obligations. The party will invest in advanced technologies to enhance border management and improve the efficiency of checks. Measures to combat illegal immigration will be paired with protections for vulnerable individuals. Labour is committed to tackling human trafficking and strengthening partnerships with international organizations to ensure secure yet compassionate border policies."
Immigration and Border Policy,Integration and Community Support,Integration Support,56,"Labour’s strategy for immigrant integration includes expanding access to language and cultural education and promoting community cohesion. The party supports immigrant entrepreneurs through targeted initiatives and will increase funding for community organizations aiding integration. Labour also aims to foster mutual understanding and social harmony through inclusive policies that celebrate diversity while encouraging active participation in local communities."
Immigration and Border Policy,Post-Brexit Immigration Policies,Post-Brexit Policies,57,"Labour’s post-Brexit immigration policy aims to address workforce shortages by revisiting the points-based system and enhancing pathways for essential workers. The party remains committed to supporting EU citizens living in the UK by ensuring their rights are protected. Labour also seeks to strengthen international collaboration on immigration issues, fostering partnerships to align economic needs with humanitarian values."
Justice and Law Reform,Criminal Justice Reform,Systemic Issues,58,"Labour’s criminal justice reform prioritizes reducing racial disparities, expanding funding for public defenders, and ensuring fairness in the legal process. The party plans to tackle reoffending rates by improving rehabilitation programs and focusing on systemic issues that disproportionately affect marginalized communities. Labour envisions a justice system built on equity and accessibility for all citizens."
Justice and Law Reform,Prison Reform,Rehabilitation Programs,59,"Labour’s prison reform strategy includes investing in rehabilitation programs, addressing overcrowding, and providing mental health support for prisoners. The party supports alternative sentencing options to reduce incarceration rates and plans to prepare prisoners for reintegration into society through education, training, and support services. Labour emphasizes humane and effective approaches to correctional reform."
Justice and Law Reform,Access to Legal Aid,Legal Support,60,"Labour aims to expand access to legal aid, particularly for low-income individuals, by increasing funding and simplifying the application process. The party seeks to promote public awareness of available legal support and ensure timely assistance for those in need. Labour’s commitment to justice includes making the legal system more inclusive and equitable for marginalized groups."
Health Beyond the NHS,Social Care,Elderly and Disabled Support,61,"Labour’s social care strategy focuses on delivering dignified and comprehensive support for the elderly and disabled. The party plans to increase funding for local authorities to ensure consistent and high-quality care. Labour is committed to reducing wait times for social care services and improving access for disabled individuals by addressing workforce shortages and enhancing care standards. Recognizing the contributions of unpaid carers, Labour will provide financial and practical support to alleviate the burden on these essential caregivers."
Health Beyond the NHS,Public Health,Preventative Initiatives,62,"Labour’s public health agenda prioritizes promoting healthy lifestyles and preventing diseases. The party will invest in public health education campaigns to address issues such as obesity, drug addiction, and alcohol misuse. Labour aims to increase vaccination rates across the UK by improving access and outreach programs. A proactive approach to public health will involve collaborating with local organizations to deliver targeted initiatives that reduce the prevalence of preventable illnesses."
Health Beyond the NHS,Health Inequalities,Equity in Care,63,"Labour is committed to addressing health disparities across regions and ensuring equal access to healthcare for marginalized groups. The party plans to increase funding for mental health support in underserved areas and tackle the social determinants of health, such as housing and income inequality. Labour will implement targeted measures to improve healthcare outcomes in deprived areas, focusing on equity and fairness within the NHS and social care systems."
Technology and Data Ethics,AI Ethics,Regulation,64,"Labour's plan for AI governance emphasizes the ethical use of artificial intelligence to ensure fairness, accountability, and transparency. The party will address automation risks by implementing protections for workers whose jobs may be affected, advocating for retraining programs, and fostering employment in AI-driven industries. Labour also aims to combat algorithmic bias by introducing robust standards for transparency in AI decision-making and ensuring corporations are accountable for the misuse of these technologies. These measures will be underpinned by a legal framework to guarantee responsible AI development and deployment."
Technology and Data Ethics,Digital Rights,Privacy and Security,65,"Labour is committed to strengthening digital privacy and protecting individuals from data breaches and exploitation. The party plans to enhance penalties for corporations misusing personal data and implement stricter regulations to safeguard children's online privacy and security. Labour’s strategy includes addressing misinformation and online abuse by collaborating with digital platforms and promoting public awareness of data rights. These efforts aim to ensure ethical practices in the digital economy and provide robust safeguards against threats to personal privacy."
Technology and Data Ethics,Tech Accessibility,Inclusivity,66,"Labour's digital inclusion strategy aims to bridge the digital divide by expanding access to technology for disadvantaged groups. The party will fund digital literacy programs and collaborate with tech companies to promote inclusive design. Labour also plans to invest in accessible digital technologies and infrastructure, ensuring equitable access to tools that empower all communities. By prioritizing accessibility and inclusivity, Labour seeks to create a digitally connected society that leaves no one behind."
Foreign Policy and International Relations,Global Leadership,Climate Diplomacy,67,"Labour envisions the UK as a global leader in climate diplomacy, advocating for strong international cooperation to combat climate change. The party will push for ambitious emissions reductions, support climate justice initiatives for developing nations, and increase contributions to international climate funds. Labour’s strategy includes robust engagement in global climate summits to promote a fair and inclusive transition to a sustainable global economy, demonstrating the UK’s leadership in addressing the climate crisis."
Foreign Policy and International Relations,Trade Agreements,Post-Brexit Trade,68,"Labour’s trade policy focuses on building fair and sustainable agreements that protect UK industries and workers post-Brexit. The party will prioritize closer trade ties with the EU, renegotiate key agreements to reduce trade barriers, and ensure high labor standards are upheld in international deals. Labour also aims to foster global partnerships that support domestic exporters and attract foreign investment, laying the foundation for a strong, equitable, and competitive UK economy."
Foreign Policy and International Relations,International Aid,Overseas Development,69,"Labour’s international aid strategy reaffirms the UK's commitment to global development, focusing on education, healthcare, and humanitarian support in conflict zones. The party will enhance accountability in aid distribution to ensure resources reach those in need and support long-term sustainable development initiatives. Labour is committed to promoting global human rights and collaborating with international organizations to address systemic inequalities, reflecting the UK’s leadership in fostering global equity and justice."
Taxation and Fiscal Responsibility,Corporate Tax,Corporate Accountability,70,"Labour aims to ensure corporations contribute their fair share by closing tax loopholes, introducing robust regulations to prevent tax avoidance, and enhancing transparency in corporate taxation. The party will implement higher taxes on large businesses and multinational corporations, aligning their contributions with domestic economic priorities. Labour is committed to using these measures to create a fairer tax system that supports public services and reduces income inequality."
Taxation and Fiscal Responsibility,Wealth Taxes,Progressive Taxation,71,"Labour plans to address income inequality through the introduction of wealth taxes, targeting unearned income and high-net-worth individuals. Measures will include increasing taxes on top earners and enforcing fair taxation policies to prevent evasion. Labour will ensure these taxes are effectively implemented and monitored, using the proceeds to fund vital public services and reduce economic disparity across the UK."
Taxation and Fiscal Responsibility,Tax Reliefs,Small Business Support,72,"Labour will introduce targeted tax reliefs to support small businesses, simplify the tax system for entrepreneurs, and incentivize green investments. Policies will focus on making financial resources more accessible for startups and monitoring the effectiveness of tax relief measures. These initiatives aim to foster innovation, promote sustainability, and support local economies."
Housing Beyond Welfare,Private Rental Market,Regulation,73,"Labour is committed to regulating the private rental market to ensure fair practices for landlords and tenants. The party plans to introduce rent caps to improve affordability, enhance tenant security, and address housing quality issues. These reforms aim to protect renters while fostering a more equitable and transparent rental market."
Housing Beyond Welfare,Homeownership,First-Time Buyers,74,"Labour will support first-time homebuyers by addressing barriers to ownership, expanding Help-to-Buy schemes, and working with financial institutions to offer affordable mortgage options. The party plans to reduce deposit requirements and prioritize access to housing for young people, making homeownership more attainable for the next generation."
Housing Beyond Welfare,Building Standards,Sustainable Housing,75,"Labour’s housing strategy prioritizes energy-efficient and sustainable developments. The party will ensure new housing projects meet environmental standards, incentivize retrofitting older homes, and enhance building safety regulations. By supporting sustainable urban housing, Labour aims to address climate goals while improving living standards."
Climate Resilience,Flood Defenses,Infrastructure Investment,76,"Labour plans to invest in modern flood defenses, prioritizing vulnerable regions and incorporating advanced technologies for prevention. The party will involve communities in preparedness initiatives and secure long-term funding to ensure infrastructure resilience. These measures reflect Labour’s commitment to protecting communities and mitigating the impact of climate change."
Climate Resilience,Natural Disasters,Preparedness,77,"Labour will enhance disaster preparedness through a national climate resilience fund, supporting local governments in response efforts. The party aims to address extreme weather impacts on rural communities and promote partnerships for disaster mitigation. By prioritizing climate adaptation, Labour seeks to safeguard the nation from future challenges."
Climate Resilience,Biodiversity,Habitat Protection,78,"Labour is dedicated to preserving biodiversity by expanding protected areas, funding reforestation projects, and addressing invasive species. The party will involve local communities in conservation efforts and ensure sustainable practices to maintain the UK’s natural ecosystems for future generations."
Regional Development,Devolution,Local Governance,79,"Labour is committed to empowering local governments through enhanced devolution, granting more powers to councils to better address regional needs. The party plans to ensure fair funding for devolved administrations and improve accountability in governance. By promoting regional autonomy while maintaining national unity, Labour aims to enable communities to shape their futures and make decisions that reflect local priorities."
Regional Development,Levelling Up,Infrastructure Investment,80,"Labour’s levelling-up strategy focuses on reducing regional inequalities through targeted infrastructure investments in underserved areas. The party will prioritize economic development in former industrial regions and foster partnerships to support regional growth. Transparency in funding distribution will be central to ensuring these investments lead to meaningful and equitable outcomes."
Regional Development,Rural Policies,Community Support,81,"Labour’s vision for supporting rural communities includes increased investment in rural transport, digital infrastructure, and agriculture. The party will work to tackle rural poverty by enhancing access to services and providing financial support for rural businesses. Labour is committed to ensuring rural populations receive equitable opportunities and resources to thrive."
Social Equality and Diversity,LGBTQ+ Rights,Protection and Advocacy,82,"Labour is dedicated to advancing LGBTQ+ rights across the UK by introducing robust anti-discrimination laws and ensuring their enforcement. The party supports funding for LGBTQ+ community organizations to provide vital resources and advocacy. Labour plans to integrate LGBTQ+ inclusion into educational curriculums to foster acceptance and understanding from a young age. Additionally, Labour will advocate for LGBTQ+ asylum seekers, ensuring their safety and fair treatment within the immigration system."
Social Equality and Diversity,Disability Rights,Accessibility,83,"Labour’s approach to disability rights focuses on improving accessibility across all aspects of society, including transportation, workplaces, and public spaces. The party aims to ensure disabled individuals are actively represented in policymaking processes and will increase funding for disability support services. Labour will enforce accessibility standards nationwide and tackle employment disparities by encouraging inclusive hiring practices and workplace accommodations."
Social Equality and Diversity,Racial Equality,Diversity and Inclusion,84,"Labour is committed to combating systemic racism through legislative reforms and increased funding for racial equality initiatives. The party plans to address racial disparities in education and healthcare while promoting diversity in leadership roles across public and private sectors. Labour will also support community-led racial equality programs to empower local initiatives that drive meaningful and sustained change."
National Identity and Union,Scottish Independence,Referendum Policies,85,"Labour opposes holding another Scottish independence referendum, focusing instead on strengthening the union through collaborative governance and addressing issues that concern pro-independence voters. Labour intends to empower the Scottish Parliament by offering new powers while ensuring its role complements the broader UK framework. The party will prioritize policies that promote economic stability, equality, and shared progress, fostering unity across the UK."
National Identity and Union,Northern Ireland,Peace and Governance,86,"Labour is firmly committed to supporting the Good Friday Agreement and maintaining peace in Northern Ireland. To address post-Brexit challenges, Labour will work to ensure smooth implementation of trade arrangements and promote dialogue between all parties. Labour’s strategy emphasizes reconciliation, with a focus on cross-community initiatives and economic development. The party will increase funding for programs fostering cooperation and growth in Northern Ireland."
National Identity and Union,Cultural Unity,UK Integration,87,"Labour envisions fostering cultural unity by celebrating shared heritage while respecting the diversity of regional identities. The party will promote initiatives that reduce divisions between different parts of the UK, such as funding programs to celebrate cultural achievements and enhance mutual understanding. Labour also plans to engage citizens in shaping the UK’s future identity, emphasizing collaboration and shared values."
Miscellaneous,General Questions,Manifesto Priorities,88,"Labour’s top priorities for 2024 include addressing the cost-of-living crisis, rebuilding the economy with a focus on green jobs and industries, strengthening public services like the NHS, and promoting equality across the UK. Labour’s manifesto is rooted in fairness and sustainability, with plans to reduce inequality through progressive taxation and targeted investments. The party emphasizes transparency and accountability in implementing its commitments and ensures a balance between immediate relief and long-term reforms to build a resilient future."
Miscellaneous,General Questions,Labour Values,89,"Labour stands for fairness, equity, and social justice in 2024, prioritizing policies that address inequality and uplift marginalized communities. Sustainability is a core principle, driving Labour’s vision for a greener, fairer economy. Labour actively supports community-led initiatives and works to foster unity across diverse regions and demographics. By listening to and reflecting the needs of all communities, Labour aims to promote collaboration and inclusivity across the UK."
Miscellaneous,General Questions,Labour Leadership,90,"Keir Starmer’s vision for the UK is one of economic growth, social justice, and restored trust in politics. Under his leadership, Labour has focused on practical, progressive policies that address current challenges while building for the future. The leadership team brings experience in governance, law, and advocacy, ensuring a strong foundation to navigate post-Brexit complexities and deliver effective reforms. Starmer’s approach emphasizes accountability and pragmatic solutions, distinguishing him from other leaders."
Miscellaneous,General Questions,Voter Engagement,91,"Labour aims to engage young voters and diverse communities through targeted outreach, accessible policies, and inclusive campaigns. Initiatives to increase voter turnout include simplifying the voting process and addressing issues that resonate with marginalized groups, such as housing, education, and climate action. By fostering transparency and rebuilding trust, Labour’s manifesto is designed to inspire confidence among undecided voters and demonstrate the relevance of their policies to all citizens."
Greeting,Greeting,Greeting,92,"Hello, how can I help"
Farewell,Farewell,Farewell,93,"Goodbye"
Small Talk,Small Talk,Small Talk,94,"I am great, here to help!"
